,Year,quarter,Bene_Geo_Desc,Bene_Mdcd_Mdcr_Enrl_Stus,Bene_Race_Desc,Bene_Sex_Desc,Bene_Mdcr_Entlmt_Stus,Bene_Age_Desc,Bene_RUCA_Desc,Total_Bene_TH_Elig,Total_PartB_Enrl,Total_Bene_Telehealth,Pct_Telehealth
0,2020,1,Alabama,All,All,All,Aged,All,All,321952,410710,16321,0.0507
1,2020,1,Alabama,All,All,All,All,0-64,All,68081,93955,5254,0.0772
2,2020,1,Alabama,All,All,All,All,65-74,All,163291,217543,8652,0.053
3,2020,1,Alabama,All,All,All,All,75-84,All,113008,136957,5712,0.0505
4,2020,1,Alabama,All,All,All,All,85 and over,All,49169,59755,2178,0.0443
5,2020,1,Alabama,All,All,All,All,All,All,393549,508209,21796,0.0554
6,2020,1,Alabama,All,All,All,All,All,Rural,118360,152909,5760,0.0487
7,2020,1,Alabama,All,All,All,All,All,Unknown,,,,
8,2020,1,Alabama,All,All,All,All,All,Urban,274137,353936,15977,0.0583
9,2020,1,Alabama,All,All,All,Disabled,All,All,63806,89556,5000,0.0784
10,2020,1,Alabama,All,All,All,ESRD,All,All,7791,7944,475,0.061
11,2020,1,Alabama,All,All,Female,All,All,All,224833,279224,13561,0.0603
12,2020,1,Alabama,All,All,Male,All,All,All,168716,228985,8235,0.0488
13,2020,1,Alabama,All,American Indian/Alaska Native,All,All,All,All,380,491,25,0.0658
14,2020,1,Alabama,All,Asian/Pacific Islander,All,All,All,All,1882,2940,79,0.042
15,2020,1,Alabama,All,Black/African American,All,All,All,All,66960,93186,3703,0.0553
16,2020,1,Alabama,All,Hispanic,All,All,All,All,3031,4441,151,0.0498
17,2020,1,Alabama,All,Non-Hispanic White,All,All,All,All,316866,400990,17605,0.0556
18,2020,1,Alabama,All,Other/Unknown,All,All,All,All,,,,
19,2020,1,Alabama,Medicare & Medicaid,All,All,All,All,All,80089,100779,4754,0.0594
20,2020,1,Alabama,Medicare Only,All,All,All,All,All,313460,407430,17042,0.0544
21,2020,1,Alaska,All,All,All,Aged,All,All,47101,77507,3178,0.0675
22,2020,1,Alaska,All,All,All,All,0-64,All,7146,10495,944,0.1321
23,2020,1,Alaska,All,All,All,All,65-74,All,27660,48206,1929,0.0697
24,2020,1,Alaska,All,All,All,All,75-84,All,14979,22758,976,0.0652
25,2020,1,Alaska,All,All,All,All,85 and over,All,4784,6881,290,0.0606
26,2020,1,Alaska,All,All,All,All,All,All,54569,88340,4139,0.0758
27,2020,1,Alaska,All,All,All,All,All,Rural,25528,41813,1992,0.078
28,2020,1,Alaska,All,All,All,All,All,Unknown,,,,
29,2020,1,Alaska,All,All,All,All,All,Urban,27070,43092,2020,0.0746
30,2020,1,Alaska,All,All,All,Disabled,All,All,6818,10152,905,0.1327
31,2020,1,Alaska,All,All,All,ESRD,All,All,650,681,56,0.0862
32,2020,1,Alaska,All,All,Female,All,All,All,29361,44543,2367,0.0806
33,2020,1,Alaska,All,All,Male,All,All,All,25208,43797,1772,0.0703
34,2020,1,Alaska,All,American Indian/Alaska Native,All,All,All,All,7635,11115,811,0.1062
35,2020,1,Alaska,All,Asian/Pacific Islander,All,All,All,All,2092,3695,106,0.0507
36,2020,1,Alaska,All,Black/African American,All,All,All,All,1378,2260,121,0.0878
37,2020,1,Alaska,All,Hispanic,All,All,All,All,1361,2408,102,0.0749
38,2020,1,Alaska,All,Non-Hispanic White,All,All,All,All,40342,65661,2880,0.0714
39,2020,1,Alaska,All,Other/Unknown,All,All,All,All,,,,
40,2020,1,Alaska,Medicare & Medicaid,All,All,All,All,All,13634,19365,1456,0.1068
41,2020,1,Alaska,Medicare Only,All,All,All,All,All,40935,68975,2683,0.0655
42,2020,1,Arizona,All,All,All,Aged,All,All,468471,622770,26713,0.057
43,2020,1,Arizona,All,All,All,All,0-64,All,36383,52316,4251,0.1168
44,2020,1,Arizona,All,All,All,All,65-74,All,248141,350231,14677,0.0591
45,2020,1,Arizona,All,All,All,All,75-84,All,164539,204405,9300,0.0565
46,2020,1,Arizona,All,All,All,All,85 and over,All,59569,71946,3134,0.0526
47,2020,1,Arizona,All,All,All,All,All,All,508632,678898,31362,0.0617
48,2020,1,Arizona,All,All,All,All,All,Rural,73927,106163,3526,0.0477
49,2020,1,Arizona,All,All,All,All,All,Unknown,,,,
50,2020,1,Arizona,All,All,All,All,All,Urban,433659,571165,27802,0.0641
51,2020,1,Arizona,All,All,All,Disabled,All,All,33078,48911,3924,0.1186
52,2020,1,Arizona,All,All,All,ESRD,All,All,7083,7217,725,0.1024
53,2020,1,Arizona,All,All,Female,All,All,All,281321,361467,18437,0.0655
54,2020,1,Arizona,All,All,Male,All,All,All,227311,317431,12925,0.0569
55,2020,1,Arizona,All,American Indian/Alaska Native,All,All,All,All,19419,24506,943,0.0486
56,2020,1,Arizona,All,Asian/Pacific Islander,All,All,All,All,7230,10752,362,0.0501
57,2020,1,Arizona,All,Black/African American,All,All,All,All,11231,16004,940,0.0837
58,2020,1,Arizona,All,Hispanic,All,All,All,All,36906,56743,2434,0.066
59,2020,1,Arizona,All,Non-Hispanic White,All,All,All,All,420519,552414,25902,0.0616
60,2020,1,Arizona,All,Other/Unknown,All,All,All,All,,,,
61,2020,1,Arizona,Medicare & Medicaid,All,All,All,All,All,57454,80173,5140,0.0895
62,2020,1,Arizona,Medicare Only,All,All,All,All,All,451178,598724,26222,0.0581
63,2020,1,Arkansas,All,All,All,Aged,All,All,258021,340541,10459,0.0405
64,2020,1,Arkansas,All,All,All,All,0-64,All,48048,66477,3969,0.0826
65,2020,1,Arkansas,All,All,All,All,65-74,All,130185,180872,5334,0.041
66,2020,1,Arkansas,All,All,All,All,75-84,All,91585,114615,3626,0.0396
67,2020,1,Arkansas,All,All,All,All,85 and over,All,38372,47239,1620,0.0422
68,2020,1,Arkansas,All,All,All,All,All,All,308190,409203,14549,0.0472
69,2020,1,Arkansas,All,All,All,All,All,Rural,139359,187354,6903,0.0495
70,2020,1,Arkansas,All,All,All,All,All,Unknown,,,,
71,2020,1,Arkansas,All,All,All,All,All,Urban,167297,219786,7572,0.0453
72,2020,1,Arkansas,All,All,All,Disabled,All,All,45731,64069,3875,0.0847
73,2020,1,Arkansas,All,All,All,ESRD,All,All,4438,4593,215,0.0484
74,2020,1,Arkansas,All,All,Female,All,All,All,177262,225526,8910,0.0503
75,2020,1,Arkansas,All,All,Male,All,All,All,130928,183677,5639,0.0431
76,2020,1,Arkansas,All,American Indian/Alaska Native,All,All,All,All,1103,1426,62,0.0562
77,2020,1,Arkansas,All,Asian/Pacific Islander,All,All,All,All,1533,2468,53,0.0346
78,2020,1,Arkansas,All,Black/African American,All,All,All,All,29693,41004,1635,0.0551
79,2020,1,Arkansas,All,Hispanic,All,All,All,All,3641,5713,156,0.0428
80,2020,1,Arkansas,All,Non-Hispanic White,All,All,All,All,268753,353645,12489,0.0465
81,2020,1,Arkansas,All,Other/Unknown,All,All,All,All,,,,
82,2020,1,Arkansas,Medicare & Medicaid,All,All,All,All,All,60762,77932,4743,0.0781
83,2020,1,Arkansas,Medicare Only,All,All,All,All,All,247428,331271,9806,0.0396
84,2020,1,California,All,All,All,Aged,All,All,1843472,2536430,159711,0.0866
85,2020,1,California,All,All,All,All,0-64,All,252808,359058,31716,0.1255
86,2020,1,California,All,All,All,All,65-74,All,908469,1345191,81630,0.0899
87,2020,1,California,All,All,All,All,75-84,All,642601,823838,55874,0.0869
88,2020,1,California,All,All,All,All,85 and over,All,315177,390583,24657,0.0782
89,2020,1,California,All,All,All,All,All,All,2119055,2918669,193877,0.0915
90,2020,1,California,All,All,All,All,All,Rural,230819,325875,17064,0.0739
91,2020,1,California,All,All,All,All,All,Unknown,,,,
92,2020,1,California,All,All,All,All,All,Urban,1887093,2590252,176730,0.0937
93,2020,1,California,All,All,All,Disabled,All,All,234524,339762,29837,0.1272
94,2020,1,California,All,All,All,ESRD,All,All,41059,42477,4329,0.1054
95,2020,1,California,All,All,Female,All,All,All,1201331,1591110,115753,0.0964
96,2020,1,California,All,All,Male,All,All,All,917724,1327559,78124,0.0851
97,2020,1,California,All,American Indian/Alaska Native,All,All,All,All,9555,12779,901,0.0943
98,2020,1,California,All,Asian/Pacific Islander,All,All,All,All,252842,359085,20848,0.0825
99,2020,1,California,All,Black/African American,All,All,All,All,106004,155251,11855,0.1118
100,2020,1,California,All,Hispanic,All,All,All,All,336071,519461,28433,0.0846
101,2020,1,California,All,Non-Hispanic White,All,All,All,All,1335517,1759298,124386,0.0931
102,2020,1,California,All,Other/Unknown,All,All,All,All,,,,
103,2020,1,California,Medicare & Medicaid,All,All,All,All,All,727038,962555,75790,0.1042
104,2020,1,California,Medicare Only,All,All,All,All,All,1392017,1956114,118087,0.0848
105,2020,1,Colorado,All,All,All,Aged,All,All,270655,389881,20020,0.074
106,2020,1,Colorado,All,All,All,All,0-64,All,36214,51231,5505,0.152
107,2020,1,Colorado,All,All,All,All,65-74,All,149812,230352,11591,0.0774
108,2020,1,Colorado,All,All,All,All,75-84,All,85698,114674,6049,0.0706
109,2020,1,Colorado,All,All,All,All,85 and over,All,36952,46706,2616,0.0708
110,2020,1,Colorado,All,All,All,All,All,All,308676,442963,25761,0.0835
111,2020,1,Colorado,All,All,All,All,All,Rural,73477,111870,4869,0.0663
112,2020,1,Colorado,All,All,All,All,All,Unknown,,,,
113,2020,1,Colorado,All,All,All,All,All,Urban,235027,330749,20881,0.0888
114,2020,1,Colorado,All,All,All,Disabled,All,All,34416,49308,5283,0.1535
115,2020,1,Colorado,All,All,All,ESRD,All,All,3605,3774,458,0.127
116,2020,1,Colorado,All,All,Female,All,All,All,171149,234549,15295,0.0894
117,2020,1,Colorado,All,All,Male,All,All,All,137527,208414,10466,0.0761
118,2020,1,Colorado,All,American Indian/Alaska Native,All,All,All,All,1011,1421,83,0.0821
119,2020,1,Colorado,All,Asian/Pacific Islander,All,All,All,All,4967,8017,343,0.0691
120,2020,1,Colorado,All,Black/African American,All,All,All,All,8231,12419,852,0.1035
121,2020,1,Colorado,All,Hispanic,All,All,All,All,26005,41113,2194,0.0844
122,2020,1,Colorado,All,Non-Hispanic White,All,All,All,All,258286,364831,21445,0.083
123,2020,1,Colorado,All,Other/Unknown,All,All,All,All,,,,
124,2020,1,Colorado,Medicare & Medicaid,All,All,All,All,All,54534,73123,6639,0.1217
125,2020,1,Colorado,Medicare Only,All,All,All,All,All,254142,369840,19122,0.0752
126,2020,1,Connecticut,All,All,All,Aged,All,All,210970,269850,15866,0.0752
127,2020,1,Connecticut,All,All,All,All,0-64,All,35732,44775,5510,0.1542
128,2020,1,Connecticut,All,All,All,All,65-74,All,89393,122420,7580,0.0848
129,2020,1,Connecticut,All,All,All,All,75-84,All,75955,93138,5717,0.0753
130,2020,1,Connecticut,All,All,All,All,85 and over,All,47595,56263,2759,0.058
131,2020,1,Connecticut,All,All,All,All,All,All,248675,316596,21566,0.0867
132,2020,1,Connecticut,All,All,All,All,All,Rural,10831,14023,861,0.0795
133,2020,1,Connecticut,All,All,All,All,All,Unknown,,,,
134,2020,1,Connecticut,All,All,All,All,All,Urban,237800,302460,20701,0.0871
135,2020,1,Connecticut,All,All,All,Disabled,All,All,34114,43114,5297,0.1553
136,2020,1,Connecticut,All,All,All,ESRD,All,All,3591,3631,403,0.1122
137,2020,1,Connecticut,All,All,Female,All,All,All,142812,177034,12994,0.091
138,2020,1,Connecticut,All,All,Male,All,All,All,105863,139562,8572,0.081
139,2020,1,Connecticut,All,American Indian/Alaska Native,All,All,All,All,244,299,30,0.123
140,2020,1,Connecticut,All,Asian/Pacific Islander,All,All,All,All,4217,6361,284,0.0673
141,2020,1,Connecticut,All,Black/African American,All,All,All,All,15038,19918,1473,0.098
142,2020,1,Connecticut,All,Hispanic,All,All,All,All,15276,20254,1593,0.1043
143,2020,1,Connecticut,All,Non-Hispanic White,All,All,All,All,204893,257412,17429,0.0851
144,2020,1,Connecticut,All,Other/Unknown,All,All,All,All,,,,
145,2020,1,Connecticut,Medicare & Medicaid,All,All,All,All,All,78200,95124,8472,0.1083
146,2020,1,Connecticut,Medicare Only,All,All,All,All,All,170475,221472,13094,0.0768
147,2020,1,Delaware,All,All,All,Aged,All,All,112148,140364,8150,0.0727
148,2020,1,Delaware,All,All,All,All,0-64,All,13350,17061,1802,0.135
149,2020,1,Delaware,All,All,All,All,65-74,All,58787,76665,4627,0.0787
150,2020,1,Delaware,All,All,All,All,75-84,All,38995,46755,2742,0.0703
151,2020,1,Delaware,All,All,All,All,85 and over,All,15277,17872,879,0.0575
152,2020,1,Delaware,All,All,All,All,All,All,126409,158353,10050,0.0795
153,2020,1,Delaware,All,All,All,All,All,Rural,38747,47665,2978,0.0769
154,2020,1,Delaware,All,All,All,All,All,Unknown,,,,
155,2020,1,Delaware,All,All,All,All,All,Urban,87624,110621,7070,0.0807
156,2020,1,Delaware,All,All,All,Disabled,All,All,12610,16296,1736,0.1377
157,2020,1,Delaware,All,All,All,ESRD,All,All,1651,1693,164,0.0993
158,2020,1,Delaware,All,All,Female,All,All,All,71885,88087,6010,0.0836
159,2020,1,Delaware,All,All,Male,All,All,All,54524,70267,4040,0.0741
160,2020,1,Delaware,All,American Indian/Alaska Native,All,All,All,All,55,63,,
161,2020,1,Delaware,All,Asian/Pacific Islander,All,All,All,All,1757,2601,129,0.0734
162,2020,1,Delaware,All,Black/African American,All,All,All,All,17277,22320,1486,0.086
163,2020,1,Delaware,All,Hispanic,All,All,All,All,2721,3719,274,0.1007
164,2020,1,Delaware,All,Non-Hispanic White,All,All,All,All,101077,124970,7905,0.0782
165,2020,1,Delaware,All,Other/Unknown,All,All,All,All,,,,
166,2020,1,Delaware,Medicare & Medicaid,All,All,All,All,All,19113,23499,1848,0.0967
167,2020,1,Delaware,Medicare Only,All,All,All,All,All,107296,134854,8202,0.0764
168,2020,1,District Of Columbia,All,All,All,Aged,All,All,34889,48091,2332,0.0668
169,2020,1,District Of Columbia,All,All,All,All,0-64,All,6718,9303,534,0.0795
170,2020,1,District Of Columbia,All,All,All,All,65-74,All,16866,24513,1172,0.0695
171,2020,1,District Of Columbia,All,All,All,All,75-84,All,12265,15948,795,0.0648
172,2020,1,District Of Columbia,All,All,All,All,85 and over,All,6510,8396,398,0.0611
173,2020,1,District Of Columbia,All,All,All,All,All,All,42359,58160,2899,0.0684
174,2020,1,District Of Columbia,All,All,All,All,All,Rural,,,,
175,2020,1,District Of Columbia,All,All,All,All,All,Unknown,,,,
176,2020,1,District Of Columbia,All,All,All,All,All,Urban,42351,58132,2899,0.0685
177,2020,1,District Of Columbia,All,All,All,Disabled,All,All,6028,8580,494,0.082
178,2020,1,District Of Columbia,All,All,All,ESRD,All,All,1442,1489,73,0.0506
179,2020,1,District Of Columbia,All,All,Female,All,All,All,25212,33235,1806,0.0716
180,2020,1,District Of Columbia,All,All,Male,All,All,All,17147,24925,1093,0.0637
181,2020,1,District Of Columbia,All,American Indian/Alaska Native,All,All,All,All,11,19,0,0
182,2020,1,District Of Columbia,All,Asian/Pacific Islander,All,All,All,All,699,1135,43,0.0615
183,2020,1,District Of Columbia,All,Black/African American,All,All,All,All,25023,34281,1575,0.0629
184,2020,1,District Of Columbia,All,Hispanic,All,All,All,All,1675,2623,119,0.071
185,2020,1,District Of Columbia,All,Non-Hispanic White,All,All,All,All,13579,18104,1060,0.0781
186,2020,1,District Of Columbia,All,Other/Unknown,All,All,All,All,,,,
187,2020,1,District Of Columbia,Medicare & Medicaid,All,All,All,All,All,17511,22736,1190,0.068
188,2020,1,District Of Columbia,Medicare Only,All,All,All,All,All,24848,35424,1709,0.0688
189,2020,1,Florida,All,All,All,Aged,All,All,1533410,1898146,79990,0.0522
190,2020,1,Florida,All,All,All,All,0-64,All,155879,209361,13312,0.0854
191,2020,1,Florida,All,All,All,All,65-74,All,717368,950420,38405,0.0535
192,2020,1,Florida,All,All,All,All,75-84,All,559239,656560,29418,0.0526
193,2020,1,Florida,All,All,All,All,85 and over,All,269722,304115,13258,0.0492
194,2020,1,Florida,All,All,All,All,All,All,1702208,2120457,94393,0.0555
195,2020,1,Florida,All,All,All,All,All,Rural,65165,85500,2990,0.0459
196,2020,1,Florida,All,All,All,All,All,Unknown,,,,
197,2020,1,Florida,All,All,All,All,All,Urban,1634015,2030225,91303,0.0559
198,2020,1,Florida,All,All,All,Disabled,All,All,143903,196939,12401,0.0862
199,2020,1,Florida,All,All,All,ESRD,All,All,24895,25371,2002,0.0804
200,2020,1,Florida,All,All,Female,All,All,All,958405,1158492,56387,0.0588
201,2020,1,Florida,All,All,Male,All,All,All,743803,961965,38006,0.0511
202,2020,1,Florida,All,American Indian/Alaska Native,All,All,All,All,1175,1518,70,0.0596
203,2020,1,Florida,All,Asian/Pacific Islander,All,All,All,All,19456,28438,880,0.0452
204,2020,1,Florida,All,Black/African American,All,All,All,All,111937,151094,6176,0.0552
205,2020,1,Florida,All,Hispanic,All,All,All,All,127614,167093,9628,0.0754
206,2020,1,Florida,All,Non-Hispanic White,All,All,All,All,1398275,1713843,75216,0.0538
207,2020,1,Florida,All,Other/Unknown,All,All,All,All,,,,
208,2020,1,Florida,Medicare & Medicaid,All,All,All,All,All,258200,315517,18929,0.0733
209,2020,1,Florida,Medicare Only,All,All,All,All,All,1444008,1804940,75464,0.0523
210,2020,1,Georgia,All,All,All,Aged,All,All,577647,748380,24045,0.0416
211,2020,1,Georgia,All,All,All,All,0-64,All,94087,127904,6897,0.0733
212,2020,1,Georgia,All,All,All,All,65-74,All,300671,409780,13487,0.0449
213,2020,1,Georgia,All,All,All,All,75-84,All,201428,246071,8118,0.0403
214,2020,1,Georgia,All,All,All,All,85 and over,All,83184,100220,2899,0.0349
215,2020,1,Georgia,All,All,All,All,All,All,679370,883975,31401,0.0462
216,2020,1,Georgia,All,All,All,All,All,Rural,145493,187150,6375,0.0438
217,2020,1,Georgia,All,All,All,All,All,Unknown,,,,
218,2020,1,Georgia,All,All,All,All,All,Urban,533285,695979,25003,0.0469
219,2020,1,Georgia,All,All,All,Disabled,All,All,84050,117496,6283,0.0748
220,2020,1,Georgia,All,All,All,ESRD,All,All,17673,18099,1073,0.0607
221,2020,1,Georgia,All,All,Female,All,All,All,385135,484440,19138,0.0497
222,2020,1,Georgia,All,All,Male,All,All,All,294235,399535,12263,0.0417
223,2020,1,Georgia,All,American Indian/Alaska Native,All,All,All,All,353,462,27,0.0765
224,2020,1,Georgia,All,Asian/Pacific Islander,All,All,All,All,10716,16551,459,0.0428
225,2020,1,Georgia,All,Black/African American,All,All,All,All,127487,176951,5593,0.0439
226,2020,1,Georgia,All,Hispanic,All,All,All,All,12061,19009,514,0.0426
227,2020,1,Georgia,All,Non-Hispanic White,All,All,All,All,515344,652399,24217,0.047
228,2020,1,Georgia,All,Other/Unknown,All,All,All,All,,,,
229,2020,1,Georgia,Medicare & Medicaid,All,All,All,All,All,131486,166155,7638,0.0581
230,2020,1,Georgia,Medicare Only,All,All,All,All,All,547884,717820,23763,0.0434
231,2020,1,Hawaii,All,All,All,Aged,All,All,70921,98699,3515,0.0496
232,2020,1,Hawaii,All,All,All,All,0-64,All,6008,9008,471,0.0784
233,2020,1,Hawaii,All,All,All,All,65-74,All,35158,52597,1820,0.0518
234,2020,1,Hawaii,All,All,All,All,75-84,All,23575,30548,1178,0.05
235,2020,1,Hawaii,All,All,All,All,85 and over,All,13339,16725,616,0.0462
236,2020,1,Hawaii,All,All,All,All,All,All,78080,108879,4085,0.0523
237,2020,1,Hawaii,All,All,All,All,All,Rural,24475,36010,1297,0.053
238,2020,1,Hawaii,All,All,All,All,All,Unknown,,,,
239,2020,1,Hawaii,All,All,All,All,All,Urban,53590,72795,2787,0.052
240,2020,1,Hawaii,All,All,All,Disabled,All,All,4848,7788,390,0.0804
241,2020,1,Hawaii,All,All,All,ESRD,All,All,2311,2392,180,0.0779
242,2020,1,Hawaii,All,All,Female,All,All,All,42654,57312,2382,0.0558
243,2020,1,Hawaii,All,All,Male,All,All,All,35426,51567,1703,0.0481
244,2020,1,Hawaii,All,American Indian/Alaska Native,All,All,All,All,82,131,,
245,2020,1,Hawaii,All,Asian/Pacific Islander,All,All,All,All,38437,51757,1747,0.0455
246,2020,1,Hawaii,All,Black/African American,All,All,All,All,690,1260,30,0.0435
247,2020,1,Hawaii,All,Hispanic,All,All,All,All,4194,6371,221,0.0527
248,2020,1,Hawaii,All,Non-Hispanic White,All,All,All,All,24101,34965,1583,0.0657
249,2020,1,Hawaii,All,Other/Unknown,All,All,All,All,,,,
250,2020,1,Hawaii,Medicare & Medicaid,All,All,All,All,All,8918,12784,498,0.0558
251,2020,1,Hawaii,Medicare Only,All,All,All,All,All,69162,96095,3587,0.0519
252,2020,1,Idaho,All,All,All,Aged,All,All,113046,168091,4263,0.0377
253,2020,1,Idaho,All,All,All,All,0-64,All,17664,24968,1542,0.0873
254,2020,1,Idaho,All,All,All,All,65-74,All,60135,95068,2431,0.0404
255,2020,1,Idaho,All,All,All,All,75-84,All,38063,52847,1393,0.0366
256,2020,1,Idaho,All,All,All,All,85 and over,All,15566,20928,497,0.0319
257,2020,1,Idaho,All,All,All,All,All,All,131428,193811,5863,0.0446
258,2020,1,Idaho,All,All,All,All,All,Rural,53097,82931,2011,0.0379
259,2020,1,Idaho,All,All,All,All,All,Unknown,,,,
260,2020,1,Idaho,All,All,All,All,All,Urban,78321,110845,3852,0.0492
261,2020,1,Idaho,All,All,All,Disabled,All,All,16988,24265,1476,0.0869
262,2020,1,Idaho,All,All,All,ESRD,All,All,1394,1455,124,0.089
263,2020,1,Idaho,All,All,Female,All,All,All,72015,100584,3481,0.0483
264,2020,1,Idaho,All,All,Male,All,All,All,59413,93227,2382,0.0401
265,2020,1,Idaho,All,American Indian/Alaska Native,All,All,All,All,1267,1744,51,0.0403
266,2020,1,Idaho,All,Asian/Pacific Islander,All,All,All,All,964,1508,40,0.0415
267,2020,1,Idaho,All,Black/African American,All,All,All,All,364,561,30,0.0824
268,2020,1,Idaho,All,Hispanic,All,All,All,All,4595,7353,194,0.0422
269,2020,1,Idaho,All,Non-Hispanic White,All,All,All,All,121299,178029,5421,0.0447
270,2020,1,Idaho,All,Other/Unknown,All,All,All,All,,,,
271,2020,1,Idaho,Medicare & Medicaid,All,All,All,All,All,23230,31596,1669,0.0718
272,2020,1,Idaho,Medicare Only,All,All,All,All,All,108198,162215,4194,0.0388
273,2020,1,Illinois,All,All,All,Aged,All,All,874708,1204872,52858,0.0604
274,2020,1,Illinois,All,All,All,All,0-64,All,124585,167347,12877,0.1034
275,2020,1,Illinois,All,All,All,All,65-74,All,427153,627624,26345,0.0617
276,2020,1,Illinois,All,All,All,All,75-84,All,303505,395967,18813,0.062
277,2020,1,Illinois,All,All,All,All,85 and over,All,153665,190918,8685,0.0565
278,2020,1,Illinois,All,All,All,All,All,All,1008908,1381856,66720,0.0661
279,2020,1,Illinois,All,All,All,All,All,Rural,184761,258534,7458,0.0404
280,2020,1,Illinois,All,All,All,All,All,Unknown,,,,
281,2020,1,Illinois,All,All,All,All,All,Urban,823879,1122734,59238,0.0719
282,2020,1,Illinois,All,All,All,Disabled,All,All,117311,159804,12107,0.1032
283,2020,1,Illinois,All,All,All,ESRD,All,All,16889,17181,1755,0.1039
284,2020,1,Illinois,All,All,Female,All,All,All,577517,768653,40621,0.0703
285,2020,1,Illinois,All,All,Male,All,All,All,431391,613203,26099,0.0605
286,2020,1,Illinois,All,American Indian/Alaska Native,All,All,All,All,431,556,47,0.109
287,2020,1,Illinois,All,Asian/Pacific Islander,All,All,All,All,25311,38380,1597,0.0631
288,2020,1,Illinois,All,Black/African American,All,All,All,All,101329,136617,9660,0.0953
289,2020,1,Illinois,All,Hispanic,All,All,All,All,51623,80884,4090,0.0792
290,2020,1,Illinois,All,Non-Hispanic White,All,All,All,All,805119,1088608,49702,0.0617
291,2020,1,Illinois,All,Other/Unknown,All,All,All,All,,,,
292,2020,1,Illinois,Medicare & Medicaid,All,All,All,All,All,211355,263595,19877,0.094
293,2020,1,Illinois,Medicare Only,All,All,All,All,All,797553,1118261,46843,0.0587
294,2020,1,Indiana,All,All,All,Aged,All,All,461107,622027,17148,0.0372
295,2020,1,Indiana,All,All,All,All,0-64,All,81134,107121,7913,0.0975
296,2020,1,Indiana,All,All,All,All,65-74,All,237603,340031,9395,0.0395
297,2020,1,Indiana,All,All,All,All,75-84,All,153203,195325,5626,0.0367
298,2020,1,Indiana,All,All,All,All,85 and over,All,74601,90990,2396,0.0321
299,2020,1,Indiana,All,All,All,All,All,All,546541,733467,25330,0.0463
300,2020,1,Indiana,All,All,All,All,All,Rural,156607,211728,6458,0.0412
301,2020,1,Indiana,All,All,All,All,All,Unknown,,,,
302,2020,1,Indiana,All,All,All,All,All,Urban,389717,521362,18859,0.0484
303,2020,1,Indiana,All,All,All,Disabled,All,All,77122,102944,7624,0.0989
304,2020,1,Indiana,All,All,All,ESRD,All,All,8312,8495,558,0.0671
305,2020,1,Indiana,All,All,Female,All,All,All,314177,407931,15341,0.0488
306,2020,1,Indiana,All,All,Male,All,All,All,232364,325536,9989,0.043
307,2020,1,Indiana,All,American Indian/Alaska Native,All,All,All,All,278,368,19,0.0683
308,2020,1,Indiana,All,Asian/Pacific Islander,All,All,All,All,3278,5285,144,0.0439
309,2020,1,Indiana,All,Black/African American,All,All,All,All,31655,42657,2153,0.068
310,2020,1,Indiana,All,Hispanic,All,All,All,All,8665,12866,512,0.0591
311,2020,1,Indiana,All,Non-Hispanic White,All,All,All,All,490472,654668,21961,0.0448
312,2020,1,Indiana,All,Other/Unknown,All,All,All,All,,,,
313,2020,1,Indiana,Medicare & Medicaid,All,All,All,All,All,118183,143596,9640,0.0816
314,2020,1,Indiana,Medicare Only,All,All,All,All,All,428358,589871,15690,0.0366
315,2020,1,Iowa,All,All,All,Aged,All,All,273183,385797,9501,0.0348
316,2020,1,Iowa,All,All,All,All,0-64,All,32516,44469,3735,0.1149
317,2020,1,Iowa,All,All,All,All,65-74,All,135710,204083,4915,0.0362
318,2020,1,Iowa,All,All,All,All,75-84,All,89775,120773,2858,0.0318
319,2020,1,Iowa,All,All,All,All,85 and over,All,49276,62545,1824,0.037
320,2020,1,Iowa,All,All,All,All,All,All,307277,431871,13332,0.0434
321,2020,1,Iowa,All,All,All,All,All,Rural,166717,237562,7454,0.0447
322,2020,1,Iowa,All,All,All,All,All,Unknown,,,,
323,2020,1,Iowa,All,All,All,All,All,Urban,140393,194089,5840,0.0416
324,2020,1,Iowa,All,All,All,Disabled,All,All,31307,43187,3650,0.1166
325,2020,1,Iowa,All,All,All,ESRD,All,All,2787,2887,181,0.0649
326,2020,1,Iowa,All,All,Female,All,All,All,173633,237506,7943,0.0457
327,2020,1,Iowa,All,All,Male,All,All,All,133644,194365,5389,0.0403
328,2020,1,Iowa,All,American Indian/Alaska Native,All,All,All,All,394,526,18,0.0457
329,2020,1,Iowa,All,Asian/Pacific Islander,All,All,All,All,1594,2683,65,0.0408
330,2020,1,Iowa,All,Black/African American,All,All,All,All,4023,5687,226,0.0562
331,2020,1,Iowa,All,Hispanic,All,All,All,All,3291,5209,157,0.0477
332,2020,1,Iowa,All,Non-Hispanic White,All,All,All,All,291509,408094,12590,0.0432
333,2020,1,Iowa,All,Other/Unknown,All,All,All,All,,,,
334,2020,1,Iowa,Medicare & Medicaid,All,All,All,All,All,46135,58134,5096,0.1105
335,2020,1,Iowa,Medicare Only,All,All,All,All,All,261142,373736,8236,0.0315
336,2020,1,Kansas,All,All,All,Aged,All,All,249818,337612,8138,0.0326
337,2020,1,Kansas,All,All,All,All,0-64,All,33019,44385,3176,0.0962
338,2020,1,Kansas,All,All,All,All,65-74,All,125554,180477,4259,0.0339
339,2020,1,Kansas,All,All,All,All,75-84,All,82842,106012,2593,0.0313
340,2020,1,Kansas,All,All,All,All,85 and over,All,43154,52883,1365,0.0316
341,2020,1,Kansas,All,All,All,All,All,All,284569,383757,11393,0.04
342,2020,1,Kansas,All,All,All,All,All,Rural,134384,183227,5714,0.0425
343,2020,1,Kansas,All,All,All,All,All,Unknown,,,,
344,2020,1,Kansas,All,All,All,All,All,Urban,149819,199986,5667,0.0378
345,2020,1,Kansas,All,All,All,Disabled,All,All,31569,42878,3069,0.0972
346,2020,1,Kansas,All,All,All,ESRD,All,All,3182,3267,186,0.0585
347,2020,1,Kansas,All,All,Female,All,All,All,160965,211302,6847,0.0425
348,2020,1,Kansas,All,All,Male,All,All,All,123604,172454,4546,0.0368
349,2020,1,Kansas,All,American Indian/Alaska Native,All,All,All,All,1520,2007,62,0.0408
350,2020,1,Kansas,All,Asian/Pacific Islander,All,All,All,All,2348,3761,59,0.0251
351,2020,1,Kansas,All,Black/African American,All,All,All,All,9190,12772,414,0.045
352,2020,1,Kansas,All,Hispanic,All,All,All,All,8375,12413,294,0.0351
353,2020,1,Kansas,All,Non-Hispanic White,All,All,All,All,257425,344581,10332,0.0401
354,2020,1,Kansas,All,Other/Unknown,All,All,All,All,,,,
355,2020,1,Kansas,Medicare & Medicaid,All,All,All,All,All,40037,49605,3473,0.0867
356,2020,1,Kansas,Medicare Only,All,All,All,All,All,244532,334151,7920,0.0324
357,2020,1,Kentucky,All,All,All,Aged,All,All,315721,416165,15251,0.0483
358,2020,1,Kentucky,All,All,All,All,0-64,All,76553,103060,7072,0.0924
359,2020,1,Kentucky,All,All,All,All,65-74,All,168781,232111,8551,0.0507
360,2020,1,Kentucky,All,All,All,All,75-84,All,103498,130048,4773,0.0461
361,2020,1,Kentucky,All,All,All,All,85 and over,All,46127,56725,2086,0.0452
362,2020,1,Kentucky,All,All,All,All,All,All,394959,521944,22482,0.0569
363,2020,1,Kentucky,All,All,All,All,All,Rural,204053,272769,12189,0.0597
364,2020,1,Kentucky,All,All,All,All,All,Unknown,,,,
365,2020,1,Kentucky,All,All,All,All,All,Urban,189241,246990,10204,0.0539
366,2020,1,Kentucky,All,All,All,Disabled,All,All,74123,100566,6912,0.0933
367,2020,1,Kentucky,All,All,All,ESRD,All,All,5115,5212,319,0.0624
368,2020,1,Kentucky,All,All,Female,All,All,All,221033,278604,13629,0.0617
369,2020,1,Kentucky,All,All,Male,All,All,All,173926,243340,8853,0.0509
370,2020,1,Kentucky,All,American Indian/Alaska Native,All,All,All,All,130,197,,
371,2020,1,Kentucky,All,Asian/Pacific Islander,All,All,All,All,1818,2920,93,0.0512
372,2020,1,Kentucky,All,Black/African American,All,All,All,All,19096,25876,1072,0.0561
373,2020,1,Kentucky,All,Hispanic,All,All,All,All,2596,3750,157,0.0605
374,2020,1,Kentucky,All,Non-Hispanic White,All,All,All,All,365467,480961,20858,0.0571
375,2020,1,Kentucky,All,Other/Unknown,All,All,All,All,,,,
376,2020,1,Kentucky,Medicare & Medicaid,All,All,All,All,All,105172,131039,8901,0.0846
377,2020,1,Kentucky,Medicare Only,All,All,All,All,All,289787,390905,13581,0.0469
378,2020,1,Louisiana,All,All,All,Aged,All,All,286645,368957,17915,0.0625
379,2020,1,Louisiana,All,All,All,All,0-64,All,59355,80362,5797,0.0977
380,2020,1,Louisiana,All,All,All,All,65-74,All,153523,206668,10289,0.067
381,2020,1,Louisiana,All,All,All,All,75-84,All,95299,115827,5800,0.0609
382,2020,1,Louisiana,All,All,All,All,85 and over,All,41677,50322,2247,0.0539
383,2020,1,Louisiana,All,All,All,All,All,All,349854,453179,24133,0.069
384,2020,1,Louisiana,All,All,All,All,All,Rural,81449,106083,5580,0.0685
385,2020,1,Louisiana,All,All,All,All,All,Unknown,,,,
386,2020,1,Louisiana,All,All,All,All,All,Urban,266175,344154,18387,0.0691
387,2020,1,Louisiana,All,All,All,Disabled,All,All,54760,75663,5305,0.0969
388,2020,1,Louisiana,All,All,All,ESRD,All,All,8449,8559,913,0.1081
389,2020,1,Louisiana,All,All,Female,All,All,All,198444,246548,14464,0.0729
390,2020,1,Louisiana,All,All,Male,All,All,All,151410,206631,9669,0.0639
391,2020,1,Louisiana,All,American Indian/Alaska Native,All,All,All,All,340,448,28,0.0824
392,2020,1,Louisiana,All,Asian/Pacific Islander,All,All,All,All,2634,4139,133,0.0505
393,2020,1,Louisiana,All,Black/African American,All,All,All,All,81943,110219,5717,0.0698
394,2020,1,Louisiana,All,Hispanic,All,All,All,All,6468,9066,452,0.0699
395,2020,1,Louisiana,All,Non-Hispanic White,All,All,All,All,252488,321109,17413,0.069
396,2020,1,Louisiana,All,Other/Unknown,All,All,All,All,,,,
397,2020,1,Louisiana,Medicare & Medicaid,All,All,All,All,All,98120,123067,7739,0.0789
398,2020,1,Louisiana,Medicare Only,All,All,All,All,All,251734,330112,16394,0.0651
399,2020,1,Maine,All,All,All,Aged,All,All,100655,147569,5601,0.0556
400,2020,1,Maine,All,All,All,All,0-64,All,25303,35387,3547,0.1402
401,2020,1,Maine,All,All,All,All,65-74,All,45851,72758,2883,0.0629
402,2020,1,Maine,All,All,All,All,75-84,All,35922,50063,1949,0.0543
403,2020,1,Maine,All,All,All,All,85 and over,All,19519,25395,850,0.0435
404,2020,1,Maine,All,All,All,All,All,All,126595,183603,9229,0.0729
405,2020,1,Maine,All,All,All,All,All,Rural,70759,103568,4924,0.0696
406,2020,1,Maine,All,All,All,All,All,Unknown,,,,
407,2020,1,Maine,All,All,All,All,All,Urban,55821,79990,4305,0.0771
408,2020,1,Maine,All,All,All,Disabled,All,All,24781,34844,3486,0.1407
409,2020,1,Maine,All,All,All,ESRD,All,All,1159,1190,142,0.1225
410,2020,1,Maine,All,All,Female,All,All,All,71565,99095,5554,0.0776
411,2020,1,Maine,All,All,Male,All,All,All,55030,84508,3675,0.0668
412,2020,1,Maine,All,American Indian/Alaska Native,All,All,All,All,444,658,24,0.0541
413,2020,1,Maine,All,Asian/Pacific Islander,All,All,All,All,666,1098,30,0.045
414,2020,1,Maine,All,Black/African American,All,All,All,All,610,947,62,0.1016
415,2020,1,Maine,All,Hispanic,All,All,All,All,768,1153,65,0.0846
416,2020,1,Maine,All,Non-Hispanic White,All,All,All,All,120773,174622,8764,0.0726
417,2020,1,Maine,All,Other/Unknown,All,All,All,All,,,,
418,2020,1,Maine,Medicare & Medicaid,All,All,All,All,All,44683,58647,4585,0.1026
419,2020,1,Maine,Medicare Only,All,All,All,All,All,81912,124956,4644,0.0567
420,2020,1,Maryland,All,All,All,Aged,All,All,514455,672754,34843,0.0677
421,2020,1,Maryland,All,All,All,All,0-64,All,73076,94581,8883,0.1216
422,2020,1,Maryland,All,All,All,All,65-74,All,254933,350608,18529,0.0727
423,2020,1,Maryland,All,All,All,All,75-84,All,182092,227300,11958,0.0657
424,2020,1,Maryland,All,All,All,All,85 and over,All,82857,100366,4776,0.0576
425,2020,1,Maryland,All,All,All,All,All,All,592958,772855,44146,0.0745
426,2020,1,Maryland,All,All,All,All,All,Rural,34806,44371,2229,0.064
427,2020,1,Maryland,All,All,All,All,All,Unknown,,,,
428,2020,1,Maryland,All,All,All,All,All,Urban,558097,728316,41914,0.0751
429,2020,1,Maryland,All,All,All,Disabled,All,All,68908,90243,8531,0.1238
430,2020,1,Maryland,All,All,All,ESRD,All,All,9595,9858,772,0.0805
431,2020,1,Maryland,All,All,Female,All,All,All,347970,441198,27921,0.0802
432,2020,1,Maryland,All,All,Male,All,All,All,244988,331656,16225,0.0662
433,2020,1,Maryland,All,American Indian/Alaska Native,All,All,All,All,304,407,37,0.1217
434,2020,1,Maryland,All,Asian/Pacific Islander,All,All,All,All,19417,29061,1445,0.0744
435,2020,1,Maryland,All,Black/African American,All,All,All,All,141697,189695,10437,0.0737
436,2020,1,Maryland,All,Hispanic,All,All,All,All,14359,21231,1035,0.0721
437,2020,1,Maryland,All,Non-Hispanic White,All,All,All,All,399138,507119,29705,0.0744
438,2020,1,Maryland,All,Other/Unknown,All,All,All,All,,,,
439,2020,1,Maryland,Medicare & Medicaid,All,All,All,All,All,106615,133451,9736,0.0913
440,2020,1,Maryland,Medicare Only,All,All,All,All,All,486343,639404,34410,0.0708
441,2020,1,Massachusetts,All,All,All,Aged,All,All,542761,711914,64632,0.1191
442,2020,1,Massachusetts,All,All,All,All,0-64,All,107750,136004,24026,0.223
443,2020,1,Massachusetts,All,All,All,All,65-74,All,261822,362326,33296,0.1272
444,2020,1,Massachusetts,All,All,All,All,75-84,All,189506,238210,22323,0.1178
445,2020,1,Massachusetts,All,All,All,All,85 and over,All,95170,115126,9603,0.1009
446,2020,1,Massachusetts,All,All,All,All,All,All,654248,851666,89248,0.1364
447,2020,1,Massachusetts,All,All,All,All,All,Rural,24741,33475,3337,0.1349
448,2020,1,Massachusetts,All,All,All,All,All,Unknown,,,,
449,2020,1,Massachusetts,All,All,All,All,All,Urban,629287,817747,85876,0.1365
450,2020,1,Massachusetts,All,All,All,Disabled,All,All,105594,133790,23659,0.2241
451,2020,1,Massachusetts,All,All,All,ESRD,All,All,5893,5962,957,0.1624
452,2020,1,Massachusetts,All,All,Female,All,All,All,373811,475175,53789,0.1439
453,2020,1,Massachusetts,All,All,Male,All,All,All,280437,376491,35459,0.1264
454,2020,1,Massachusetts,All,American Indian/Alaska Native,All,All,All,All,422,522,73,0.173
455,2020,1,Massachusetts,All,Asian/Pacific Islander,All,All,All,All,11712,18592,1258,0.1074
456,2020,1,Massachusetts,All,Black/African American,All,All,All,All,26528,36434,4091,0.1542
457,2020,1,Massachusetts,All,Hispanic,All,All,All,All,35352,47038,5598,0.1584
458,2020,1,Massachusetts,All,Non-Hispanic White,All,All,All,All,555944,715159,74841,0.1346
459,2020,1,Massachusetts,All,Other/Unknown,All,All,All,All,,,,
460,2020,1,Massachusetts,Medicare & Medicaid,All,All,All,All,All,176489,216725,31494,0.1784
461,2020,1,Massachusetts,Medicare Only,All,All,All,All,All,477759,634942,57754,0.1209
462,2020,1,Michigan,All,All,All,Aged,All,All,562691,781595,38796,0.0689
463,2020,1,Michigan,All,All,All,All,0-64,All,134874,180618,17989,0.1334
464,2020,1,Michigan,All,All,All,All,65-74,All,286652,424644,20949,0.0731
465,2020,1,Michigan,All,All,All,All,75-84,All,185808,243063,12375,0.0666
466,2020,1,Michigan,All,All,All,All,85 and over,All,96144,119808,6041,0.0628
467,2020,1,Michigan,All,All,All,All,All,All,703478,968133,57354,0.0815
468,2020,1,Michigan,All,All,All,All,All,Rural,171395,249594,11691,0.0682
469,2020,1,Michigan,All,All,All,All,All,Unknown,,,,
470,2020,1,Michigan,All,All,All,All,All,Urban,531848,718128,45642,0.0858
471,2020,1,Michigan,All,All,All,Disabled,All,All,128956,174550,17345,0.1345
472,2020,1,Michigan,All,All,All,ESRD,All,All,11831,11987,1213,0.1025
473,2020,1,Michigan,All,All,Female,All,All,All,402502,532573,34950,0.0868
474,2020,1,Michigan,All,All,Male,All,All,All,300976,435559,22404,0.0744
475,2020,1,Michigan,All,American Indian/Alaska Native,All,All,All,All,2920,4036,261,0.0894
476,2020,1,Michigan,All,Asian/Pacific Islander,All,All,All,All,9112,14299,681,0.0747
477,2020,1,Michigan,All,Black/African American,All,All,All,All,79451,104117,8249,0.1038
478,2020,1,Michigan,All,Hispanic,All,All,All,All,12890,18927,1051,0.0815
479,2020,1,Michigan,All,Non-Hispanic White,All,All,All,All,580253,799412,45625,0.0786
480,2020,1,Michigan,All,Other/Unknown,All,All,All,All,,,,
481,2020,1,Michigan,Medicare & Medicaid,All,All,All,All,All,173039,213569,20942,0.121
482,2020,1,Michigan,Medicare Only,All,All,All,All,All,530439,754564,36412,0.0686
483,2020,1,Minnesota,All,All,All,Aged,All,All,252362,377729,17651,0.0699
484,2020,1,Minnesota,All,All,All,All,0-64,All,58964,80913,10166,0.1724
485,2020,1,Minnesota,All,All,All,All,65-74,All,119391,194472,8910,0.0746
486,2020,1,Minnesota,All,All,All,All,75-84,All,85509,120372,5787,0.0677
487,2020,1,Minnesota,All,All,All,All,85 and over,All,49676,65159,3302,0.0665
488,2020,1,Minnesota,All,All,All,All,All,All,313540,460916,28165,0.0898
489,2020,1,Minnesota,All,All,All,All,All,Rural,112859,171398,8276,0.0733
490,2020,1,Minnesota,All,All,All,All,All,Unknown,,,,
491,2020,1,Minnesota,All,All,All,All,All,Urban,200175,288797,19803,0.0989
492,2020,1,Minnesota,All,All,All,Disabled,All,All,56862,78683,9822,0.1727
493,2020,1,Minnesota,All,All,All,ESRD,All,All,4316,4504,692,0.1603
494,2020,1,Minnesota,All,All,Female,All,All,All,176784,248031,16958,0.0959
495,2020,1,Minnesota,All,All,Male,All,All,All,136756,212885,11207,0.0819
496,2020,1,Minnesota,All,American Indian/Alaska Native,All,All,All,All,3351,4502,335,0.1
497,2020,1,Minnesota,All,Asian/Pacific Islander,All,All,All,All,4750,7977,388,0.0817
498,2020,1,Minnesota,All,Black/African American,All,All,All,All,10518,15130,1435,0.1364
499,2020,1,Minnesota,All,Hispanic,All,All,All,All,3940,6281,439,0.1114
500,2020,1,Minnesota,All,Non-Hispanic White,All,All,All,All,282514,413846,24741,0.0876
501,2020,1,Minnesota,All,Other/Unknown,All,All,All,All,,,,
502,2020,1,Minnesota,Medicare & Medicaid,All,All,All,All,All,65260,84409,10333,0.1583
503,2020,1,Minnesota,Medicare Only,All,All,All,All,All,248280,376507,17832,0.0718
504,2020,1,Missing Data,All,All,All,All,All,All,,,,
505,2020,1,Mississippi,All,All,All,Aged,All,All,272571,347851,16119,0.0591
506,2020,1,Mississippi,All,All,All,All,0-64,All,60503,78411,5650,0.0934
507,2020,1,Mississippi,All,All,All,All,65-74,All,145912,193460,8990,0.0616
508,2020,1,Mississippi,All,All,All,All,75-84,All,92864,112687,5361,0.0577
509,2020,1,Mississippi,All,All,All,All,85 and over,All,37258,45180,2000,0.0537
510,2020,1,Mississippi,All,All,All,All,All,All,336537,429738,22001,0.0654
511,2020,1,Mississippi,All,All,All,All,All,Rural,201178,255782,12578,0.0625
512,2020,1,Mississippi,All,All,All,All,All,Unknown,,,,
513,2020,1,Mississippi,All,All,All,All,All,Urban,133294,171331,9302,0.0698
514,2020,1,Mississippi,All,All,All,Disabled,All,All,56255,74084,5345,0.095
515,2020,1,Mississippi,All,All,All,ESRD,All,All,7711,7802,537,0.0696
516,2020,1,Mississippi,All,All,Female,All,All,All,194329,239038,13761,0.0708
517,2020,1,Mississippi,All,All,Male,All,All,All,142208,190700,8240,0.0579
518,2020,1,Mississippi,All,American Indian/Alaska Native,All,All,All,All,568,702,39,0.0687
519,2020,1,Mississippi,All,Asian/Pacific Islander,All,All,All,All,1364,2188,70,0.0513
520,2020,1,Mississippi,All,Black/African American,All,All,All,All,87224,114168,5523,0.0633
521,2020,1,Mississippi,All,Hispanic,All,All,All,All,2017,2860,128,0.0635
522,2020,1,Mississippi,All,Non-Hispanic White,All,All,All,All,242312,305699,16063,0.0663
523,2020,1,Mississippi,All,Other/Unknown,All,All,All,All,,,,
524,2020,1,Mississippi,Medicare & Medicaid,All,All,All,All,All,93926,114286,7171,0.0763
525,2020,1,Mississippi,Medicare Only,All,All,All,All,All,242611,315452,14830,0.0611
526,2020,1,Missouri,All,All,All,Aged,All,All,395491,546816,14473,0.0366
527,2020,1,Missouri,All,All,All,All,0-64,All,77432,105031,7498,0.0968
528,2020,1,Missouri,All,All,All,All,65-74,All,199357,292788,7693,0.0386
529,2020,1,Missouri,All,All,All,All,75-84,All,135771,177370,4934,0.0363
530,2020,1,Missouri,All,All,All,All,85 and over,All,64051,80407,2243,0.035
531,2020,1,Missouri,All,All,All,All,All,All,476611,655596,22368,0.0469
532,2020,1,Missouri,All,All,All,All,All,Rural,171089,245941,7843,0.0458
533,2020,1,Missouri,All,All,All,All,All,Unknown,,,,
534,2020,1,Missouri,All,All,All,All,All,Urban,305487,409561,14524,0.0475
535,2020,1,Missouri,All,All,All,Disabled,All,All,73478,100950,7056,0.096
536,2020,1,Missouri,All,All,All,ESRD,All,All,7642,7829,839,0.1098
537,2020,1,Missouri,All,All,Female,All,All,All,270036,357801,13324,0.0493
538,2020,1,Missouri,All,All,Male,All,All,All,206575,297794,9044,0.0438
539,2020,1,Missouri,All,American Indian/Alaska Native,All,All,All,All,795,1048,52,0.0654
540,2020,1,Missouri,All,Asian/Pacific Islander,All,All,All,All,3104,5033,116,0.0374
541,2020,1,Missouri,All,Black/African American,All,All,All,All,31751,43952,2122,0.0668
542,2020,1,Missouri,All,Hispanic,All,All,All,All,4849,7252,287,0.0592
543,2020,1,Missouri,All,Non-Hispanic White,All,All,All,All,427680,586063,19430,0.0454
544,2020,1,Missouri,All,Other/Unknown,All,All,All,All,,,,
545,2020,1,Missouri,Medicare & Medicaid,All,All,All,All,All,90939,111710,8533,0.0938
546,2020,1,Missouri,Medicare Only,All,All,All,All,All,385672,543886,13835,0.0359
547,2020,1,Montana,All,All,All,Aged,All,All,98492,150301,3866,0.0393
548,2020,1,Montana,All,All,All,All,0-64,All,12678,18615,1404,0.1107
549,2020,1,Montana,All,All,All,All,65-74,All,53302,86916,2230,0.0418
550,2020,1,Montana,All,All,All,All,75-84,All,31981,45339,1234,0.0386
551,2020,1,Montana,All,All,All,All,85 and over,All,13659,18512,434,0.0318
552,2020,1,Montana,All,All,All,All,All,All,111620,169382,5302,0.0475
553,2020,1,Montana,All,All,All,All,All,Rural,73954,114841,3482,0.0471
554,2020,1,Montana,All,All,All,All,All,Unknown,,,,
555,2020,1,Montana,All,All,All,All,All,Urban,37658,54524,1820,0.0483
556,2020,1,Montana,All,All,All,Disabled,All,All,12227,18135,1371,0.1121
557,2020,1,Montana,All,All,All,ESRD,All,All,901,946,65,0.0721
558,2020,1,Montana,All,All,Female,All,All,All,61154,87903,3222,0.0527
559,2020,1,Montana,All,All,Male,All,All,All,50466,81479,2080,0.0412
560,2020,1,Montana,All,American Indian/Alaska Native,All,All,All,All,4366,6178,215,0.0492
561,2020,1,Montana,All,Asian/Pacific Islander,All,All,All,All,408,677,21,0.0515
562,2020,1,Montana,All,Black/African American,All,All,All,All,252,380,16,0.0635
563,2020,1,Montana,All,Hispanic,All,All,All,All,1290,1991,80,0.062
564,2020,1,Montana,All,Non-Hispanic White,All,All,All,All,102472,155577,4838,0.0472
565,2020,1,Montana,All,Other/Unknown,All,All,All,All,,,,
566,2020,1,Montana,Medicare & Medicaid,All,All,All,All,All,18487,25151,1605,0.0868
567,2020,1,Montana,Medicare Only,All,All,All,All,All,93133,144231,3697,0.0397
568,2020,1,National,All,All,All,Aged,All,All,20624210,27673258,1280549,0.0621
569,2020,1,National,All,All,All,All,0-64,All,3163071,4301866,365839,0.1157
570,2020,1,National,All,All,All,All,65-74,All,10407056,14833158,675701,0.0649
571,2020,1,National,All,All,All,All,75-84,All,7070986,8952949,435615,0.0616
572,2020,1,National,All,All,All,All,85 and over,All,3351317,4094427,187930,0.0561
573,2020,1,National,All,All,All,All,All,All,23992430,32182399,1665085,0.0694
574,2020,1,National,All,All,All,All,All,Rural,5419130,7494962,303466,0.056
575,2020,1,National,All,All,All,All,All,Unknown,,,,
576,2020,1,National,All,All,All,All,All,Urban,18521196,24561110,1359089,0.0734
577,2020,1,National,All,All,All,Disabled,All,All,2971037,4102255,348715,0.1174
578,2020,1,National,All,All,All,ESRD,All,All,397183,406886,35821,0.0902
579,2020,1,National,All,All,Female,All,All,All,13608452,17603222,1001349,0.0736
580,2020,1,National,All,All,Male,All,All,All,10383978,14579177,663736,0.0639
581,2020,1,National,All,American Indian/Alaska Native,All,Aged,All,All,97334,128111,4989,0.0513
582,2020,1,National,All,American Indian/Alaska Native,All,All,0-64,All,37085,49614,3493,0.0942
583,2020,1,National,All,American Indian/Alaska Native,All,All,65-74,All,53643,72601,2889,0.0539
584,2020,1,National,All,American Indian/Alaska Native,All,All,75-84,All,33918,42672,1759,0.0519
585,2020,1,National,All,American Indian/Alaska Native,All,All,85 and over,All,12569,15640,539,0.0429
586,2020,1,National,All,American Indian/Alaska Native,All,All,All,All,137215,180528,8680,0.0633
587,2020,1,National,All,American Indian/Alaska Native,All,All,All,Rural,77429,101880,4671,0.0603
588,2020,1,National,All,American Indian/Alaska Native,All,All,All,Unknown,,,,
589,2020,1,National,All,American Indian/Alaska Native,All,All,All,Urban,59213,77785,3958,0.0668
590,2020,1,National,All,American Indian/Alaska Native,All,Disabled,All,All,33464,45996,3190,0.0953
591,2020,1,National,All,American Indian/Alaska Native,All,ESRD,All,All,6417,6421,501,0.0781
592,2020,1,National,All,American Indian/Alaska Native,Female,All,All,All,80874,101524,5424,0.0671
593,2020,1,National,All,American Indian/Alaska Native,Male,All,All,All,56341,79004,3256,0.0578
594,2020,1,National,All,Asian/Pacific Islander,All,Aged,All,All,588395,878542,40020,0.068
595,2020,1,National,All,Asian/Pacific Islander,All,All,0-64,All,58292,84336,6026,0.1034
596,2020,1,National,All,Asian/Pacific Islander,All,All,65-74,All,285291,456784,18910,0.0663
597,2020,1,National,All,Asian/Pacific Islander,All,All,75-84,All,206567,289314,14688,0.0711
598,2020,1,National,All,Asian/Pacific Islander,All,All,85 and over,All,107550,143621,7457,0.0693
599,2020,1,National,All,Asian/Pacific Islander,All,All,All,All,657700,974055,47081,0.0716
600,2020,1,National,All,Asian/Pacific Islander,All,All,All,Rural,29520,46173,1405,0.0476
601,2020,1,National,All,Asian/Pacific Islander,All,All,All,Unknown,,,,
602,2020,1,National,All,Asian/Pacific Islander,All,All,All,Urban,623344,913114,45577,0.0731
603,2020,1,National,All,Asian/Pacific Islander,All,Disabled,All,All,49673,75076,5303,0.1068
604,2020,1,National,All,Asian/Pacific Islander,All,ESRD,All,All,19632,20438,1758,0.0895
605,2020,1,National,All,Asian/Pacific Islander,Female,All,All,All,392145,569663,28533,0.0728
606,2020,1,National,All,Asian/Pacific Islander,Male,All,All,All,265555,404393,18548,0.0698
607,2020,1,National,All,Black/African American,All,Aged,All,All,1405023,1941259,92323,0.0657
608,2020,1,National,All,Black/African American,All,All,0-64,All,595528,816362,59330,0.0996
609,2020,1,National,All,Black/African American,All,All,65-74,All,815121,1173726,55841,0.0685
610,2020,1,National,All,Black/African American,All,All,75-84,All,449109,576043,29130,0.0649
611,2020,1,National,All,Black/African American,All,All,85 and over,All,198662,250240,11904,0.0599
612,2020,1,National,All,Black/African American,All,All,All,All,2058420,2816371,156205,0.0759
613,2020,1,National,All,Black/African American,All,All,All,Rural,293221,391776,17082,0.0583
614,2020,1,National,All,Black/African American,All,All,All,Unknown,,,,
615,2020,1,National,All,Black/African American,All,All,All,Urban,1751809,2400773,138451,0.079
616,2020,1,National,All,Black/African American,All,Disabled,All,All,519826,738321,53111,0.1022
617,2020,1,National,All,Black/African American,All,ESRD,All,All,133571,136791,10771,0.0806
618,2020,1,National,All,Black/African American,Female,All,All,All,1221387,1557649,100060,0.0819
619,2020,1,National,All,Black/African American,Male,All,All,All,837033,1258722,56145,0.0671
620,2020,1,National,All,Hispanic,All,Aged,All,All,996870,1523047,70238,0.0705
621,2020,1,National,All,Hispanic,All,All,0-64,All,305631,420654,35303,0.1155
622,2020,1,National,All,Hispanic,All,All,65-74,All,534220,864275,38493,0.0721
623,2020,1,National,All,Hispanic,All,All,75-84,All,331082,471372,23379,0.0706
624,2020,1,National,All,Hispanic,All,All,85 and over,All,160042,216191,10827,0.0677
625,2020,1,National,All,Hispanic,All,All,All,All,1330975,1972492,108002,0.0811
626,2020,1,National,All,Hispanic,All,All,All,Rural,166525,248296,10757,0.0646
627,2020,1,National,All,Hispanic,All,All,All,Unknown,,,,
628,2020,1,National,All,Hispanic,All,All,All,Urban,1158910,1705419,97050,0.0837
629,2020,1,National,All,Hispanic,All,Disabled,All,All,268285,381915,32042,0.1194
630,2020,1,National,All,Hispanic,All,ESRD,All,All,65820,67531,5722,0.0869
631,2020,1,National,All,Hispanic,Female,All,All,All,771600,1063629,67552,0.0875
632,2020,1,National,All,Hispanic,Male,All,All,All,559375,908864,40450,0.0723
633,2020,1,National,All,Non-Hispanic White,All,Aged,All,All,16966558,22389570,1034544,0.061
634,2020,1,National,All,Non-Hispanic White,All,All,0-64,All,2102171,2835465,253478,0.1206
635,2020,1,National,All,Non-Hispanic White,All,All,65-74,All,8272108,11623146,529806,0.064
636,2020,1,National,All,Non-Hispanic White,All,All,75-84,All,5949662,7436002,359609,0.0604
637,2020,1,National,All,Non-Hispanic White,All,All,85 and over,All,2844641,3430892,155079,0.0545
638,2020,1,National,All,Non-Hispanic White,All,All,All,All,19168582,25325506,1297972,0.0677
639,2020,1,National,All,Non-Hispanic White,All,All,All,Rural,4753931,6559300,264145,0.0556
640,2020,1,National,All,Non-Hispanic White,All,All,All,Unknown,,,,
641,2020,1,National,All,Non-Hispanic White,All,All,All,Urban,14388915,18704379,1032393,0.0717
642,2020,1,National,All,Non-Hispanic White,All,Disabled,All,All,2040684,2771193,247329,0.1212
643,2020,1,National,All,Non-Hispanic White,All,ESRD,All,All,161340,164743,16099,0.0998
644,2020,1,National,All,Non-Hispanic White,Female,All,All,All,10867506,13926458,777437,0.0715
645,2020,1,National,All,Non-Hispanic White,Male,All,All,All,8301076,11399048,520535,0.0627
646,2020,1,National,All,Other/Unknown,All,Aged,All,All,,,,
647,2020,1,National,All,Other/Unknown,All,All,0-64,All,,,,
648,2020,1,National,All,Other/Unknown,All,All,65-74,All,,,,
649,2020,1,National,All,Other/Unknown,All,All,75-84,All,,,,
650,2020,1,National,All,Other/Unknown,All,All,85 and over,All,,,,
651,2020,1,National,All,Other/Unknown,All,All,All,All,,,,
652,2020,1,National,All,Other/Unknown,All,All,All,Rural,,,,
653,2020,1,National,All,Other/Unknown,All,All,All,Unknown,,,,
654,2020,1,National,All,Other/Unknown,All,All,All,Urban,,,,
655,2020,1,National,All,Other/Unknown,All,Disabled,All,All,,,,
656,2020,1,National,All,Other/Unknown,All,ESRD,All,All,,,,
657,2020,1,National,All,Other/Unknown,Female,All,All,All,,,,
658,2020,1,National,All,Other/Unknown,Male,All,All,All,,,,
659,2020,1,National,Medicare & Medicaid,All,All,Aged,All,All,2887191,3644858,235279,0.0815
660,2020,1,National,Medicare & Medicaid,All,All,All,0-64,All,2012704,2571357,251094,0.1248
661,2020,1,National,Medicare & Medicaid,All,All,All,65-74,All,1402227,1855033,126072,0.0899
662,2020,1,National,Medicare & Medicaid,All,All,All,75-84,All,915289,1118698,73125,0.0799
663,2020,1,National,Medicare & Medicaid,All,All,All,85 and over,All,646900,747702,43019,0.0665
664,2020,1,National,Medicare & Medicaid,All,All,All,All,All,4977120,6292790,493310,0.0991
665,2020,1,National,Medicare & Medicaid,All,All,All,All,Rural,1213154,1538075,109696,0.0904
666,2020,1,National,Medicare & Medicaid,All,All,All,All,Unknown,,,,
667,2020,1,National,Medicare & Medicaid,All,All,All,All,Urban,3752262,4737902,382743,0.102
668,2020,1,National,Medicare & Medicaid,All,All,Disabled,All,All,1895825,2453756,239988,0.1266
669,2020,1,National,Medicare & Medicaid,All,All,ESRD,All,All,194104,194176,18043,0.093
670,2020,1,National,Medicare & Medicaid,All,Female,All,All,All,3006253,3643562,312712,0.104
671,2020,1,National,Medicare & Medicaid,All,Male,All,All,All,1970867,2649228,180598,0.0916
672,2020,1,National,Medicare & Medicaid,American Indian/Alaska Native,All,All,All,All,60082,76353,4747,0.079
673,2020,1,National,Medicare & Medicaid,Asian/Pacific Islander,All,All,All,All,325109,437644,26804,0.0824
674,2020,1,National,Medicare & Medicaid,Black/African American,All,All,All,All,891607,1123419,80355,0.0901
675,2020,1,National,Medicare & Medicaid,Hispanic,All,All,All,All,674798,897269,64339,0.0953
676,2020,1,National,Medicare & Medicaid,Non-Hispanic White,All,All,All,All,2902503,3589920,303131,0.1044
677,2020,1,National,Medicare & Medicaid,Other/Unknown,All,All,All,All,,,,
678,2020,1,National,Medicare Only,All,All,Aged,All,All,17737019,24028400,1045270,0.0589
679,2020,1,National,Medicare Only,All,All,All,0-64,All,1150367,1730509,114745,0.0997
680,2020,1,National,Medicare Only,All,All,All,65-74,All,9004829,12978125,549629,0.061
681,2020,1,National,Medicare Only,All,All,All,75-84,All,6155697,7834251,362490,0.0589
682,2020,1,National,Medicare Only,All,All,All,85 and over,All,2704417,3346725,144911,0.0536
683,2020,1,National,Medicare Only,All,All,All,All,All,19015310,25889609,1171775,0.0616
684,2020,1,National,Medicare Only,All,All,All,All,Rural,4205976,5956887,193770,0.0461
685,2020,1,National,Medicare Only,All,All,All,All,Unknown,,,,
686,2020,1,National,Medicare Only,All,All,All,All,Urban,14768934,19823209,976346,0.0661
687,2020,1,National,Medicare Only,All,All,Disabled,All,All,1075212,1648498,108727,0.1011
688,2020,1,National,Medicare Only,All,All,ESRD,All,All,203079,212711,17778,0.0875
689,2020,1,National,Medicare Only,All,Female,All,All,All,10602199,13959660,688637,0.065
690,2020,1,National,Medicare Only,All,Male,All,All,All,8413111,11929949,483138,0.0574
691,2020,1,National,Medicare Only,American Indian/Alaska Native,All,All,All,All,77133,104174,3933,0.051
692,2020,1,National,Medicare Only,Asian/Pacific Islander,All,All,All,All,332591,536411,20277,0.061
693,2020,1,National,Medicare Only,Black/African American,All,All,All,All,1166813,1692952,75850,0.065
694,2020,1,National,Medicare Only,Hispanic,All,All,All,All,656177,1075223,43663,0.0665
695,2020,1,National,Medicare Only,Non-Hispanic White,All,All,All,All,16266079,21735586,994841,0.0612
696,2020,1,National,Medicare Only,Other/Unknown,All,All,All,All,,,,
697,2020,1,Nebraska,All,All,All,Aged,All,All,162477,228337,4932,0.0304
698,2020,1,Nebraska,All,All,All,All,0-64,All,17360,23603,1377,0.0793
699,2020,1,Nebraska,All,All,All,All,65-74,All,80788,121550,2510,0.0311
700,2020,1,Nebraska,All,All,All,All,75-84,All,54097,71912,1630,0.0301
701,2020,1,Nebraska,All,All,All,All,85 and over,All,28544,35847,847,0.0297
702,2020,1,Nebraska,All,All,All,All,All,All,180789,252912,6364,0.0352
703,2020,1,Nebraska,All,All,All,All,All,Rural,91746,129098,3378,0.0368
704,2020,1,Nebraska,All,All,All,All,All,Unknown,,,,
705,2020,1,Nebraska,All,All,All,All,All,Urban,88828,123497,2974,0.0335
706,2020,1,Nebraska,All,All,All,Disabled,All,All,16518,22722,1317,0.0797
707,2020,1,Nebraska,All,All,All,ESRD,All,All,1794,1854,115,0.0641
708,2020,1,Nebraska,All,All,Female,All,All,All,102564,139581,3815,0.0372
709,2020,1,Nebraska,All,All,Male,All,All,All,78225,113331,2549,0.0326
710,2020,1,Nebraska,All,American Indian/Alaska Native,All,All,All,All,885,1170,41,0.0463
711,2020,1,Nebraska,All,Asian/Pacific Islander,All,All,All,All,1045,1700,27,0.0258
712,2020,1,Nebraska,All,Black/African American,All,All,All,All,3600,5187,116,0.0322
713,2020,1,Nebraska,All,Hispanic,All,All,All,All,3811,6046,138,0.0362
714,2020,1,Nebraska,All,Non-Hispanic White,All,All,All,All,167085,232333,5873,0.0351
715,2020,1,Nebraska,All,Other/Unknown,All,All,All,All,,,,
716,2020,1,Nebraska,Medicare & Medicaid,All,All,All,All,All,23825,29530,1695,0.0711
717,2020,1,Nebraska,Medicare Only,All,All,All,All,All,156964,223382,4669,0.0297
718,2020,1,Nevada,All,All,All,Aged,All,All,168082,237684,10694,0.0636
719,2020,1,Nevada,All,All,All,All,0-64,All,22723,31646,2552,0.1123
720,2020,1,Nevada,All,All,All,All,65-74,All,90484,135932,5853,0.0647
721,2020,1,Nevada,All,All,All,All,75-84,All,59335,78104,3818,0.0643
722,2020,1,Nevada,All,All,All,All,85 and over,All,19935,25375,1178,0.0591
723,2020,1,Nevada,All,All,All,All,All,All,192477,271057,13401,0.0696
724,2020,1,Nevada,All,All,All,All,All,Rural,32543,47706,2264,0.0696
725,2020,1,Nevada,All,All,All,All,All,Unknown,,,,
726,2020,1,Nevada,All,All,All,All,All,Urban,159705,222964,11126,0.0697
727,2020,1,Nevada,All,All,All,Disabled,All,All,21003,29872,2400,0.1143
728,2020,1,Nevada,All,All,All,ESRD,All,All,3392,3501,307,0.0905
729,2020,1,Nevada,All,All,Female,All,All,All,106832,142465,7899,0.0739
730,2020,1,Nevada,All,All,Male,All,All,All,85645,128591,5502,0.0642
731,2020,1,Nevada,All,American Indian/Alaska Native,All,All,All,All,1641,2311,86,0.0524
732,2020,1,Nevada,All,Asian/Pacific Islander,All,All,All,All,9758,15154,627,0.0643
733,2020,1,Nevada,All,Black/African American,All,All,All,All,13489,18724,1149,0.0852
734,2020,1,Nevada,All,Hispanic,All,All,All,All,16835,26280,1316,0.0782
735,2020,1,Nevada,All,Non-Hispanic White,All,All,All,All,144786,199664,9858,0.0681
736,2020,1,Nevada,All,Other/Unknown,All,All,All,All,,,,
737,2020,1,Nevada,Medicare & Medicaid,All,All,All,All,All,36142,47594,3609,0.0999
738,2020,1,Nevada,Medicare Only,All,All,All,All,All,156335,223463,9792,0.0626
739,2020,1,New Hampshire,All,All,All,Aged,All,All,123726,176121,9643,0.0779
740,2020,1,New Hampshire,All,All,All,All,0-64,All,21437,29876,3755,0.1752
741,2020,1,New Hampshire,All,All,All,All,65-74,All,61059,92961,4998,0.0819
742,2020,1,New Hampshire,All,All,All,All,75-84,All,43209,58418,3368,0.0779
743,2020,1,New Hampshire,All,All,All,All,85 and over,All,20060,25358,1362,0.0679
744,2020,1,New Hampshire,All,All,All,All,All,All,145765,206612,13483,0.0925
745,2020,1,New Hampshire,All,All,All,All,All,Rural,61340,90521,5406,0.0881
746,2020,1,New Hampshire,All,All,All,All,All,Unknown,,,,
747,2020,1,New Hampshire,All,All,All,All,All,Urban,84067,115599,8051,0.0958
748,2020,1,New Hampshire,All,All,All,Disabled,All,All,21059,29475,3704,0.1759
749,2020,1,New Hampshire,All,All,All,ESRD,All,All,980,1016,136,0.1388
750,2020,1,New Hampshire,All,All,Female,All,All,All,82772,112910,8190,0.0989
751,2020,1,New Hampshire,All,All,Male,All,All,All,62993,93702,5293,0.084
752,2020,1,New Hampshire,All,American Indian/Alaska Native,All,All,All,All,78,107,,
753,2020,1,New Hampshire,All,Asian/Pacific Islander,All,All,All,All,907,1443,70,0.0772
754,2020,1,New Hampshire,All,Black/African American,All,All,All,All,730,1090,84,0.1151
755,2020,1,New Hampshire,All,Hispanic,All,All,All,All,1697,2479,174,0.1025
756,2020,1,New Hampshire,All,Non-Hispanic White,All,All,All,All,137697,194284,12731,0.0925
757,2020,1,New Hampshire,All,Other/Unknown,All,All,All,All,,,,
758,2020,1,New Hampshire,Medicare & Medicaid,All,All,All,All,All,23099,28921,3593,0.1555
759,2020,1,New Hampshire,Medicare Only,All,All,All,All,All,122666,177691,9890,0.0806
760,2020,1,New Jersey,All,All,All,Aged,All,All,650703,827518,55329,0.085
761,2020,1,New Jersey,All,All,All,All,0-64,All,79687,103962,10865,0.1363
762,2020,1,New Jersey,All,All,All,All,65-74,All,301806,408195,27618,0.0915
763,2020,1,New Jersey,All,All,All,All,75-84,All,230485,280465,19637,0.0852
764,2020,1,New Jersey,All,All,All,All,85 and over,All,125417,145866,8841,0.0705
765,2020,1,New Jersey,All,All,All,All,All,All,737395,938488,66961,0.0908
766,2020,1,New Jersey,All,All,All,All,All,Rural,8610,11268,665,0.0772
767,2020,1,New Jersey,All,All,All,All,All,Unknown,,,,
768,2020,1,New Jersey,All,All,All,All,All,Urban,727451,925619,66253,0.0911
769,2020,1,New Jersey,All,All,All,Disabled,All,All,75196,99228,10389,0.1382
770,2020,1,New Jersey,All,All,All,ESRD,All,All,11496,11742,1243,0.1081
771,2020,1,New Jersey,All,All,Female,All,All,All,428624,534867,40193,0.0938
772,2020,1,New Jersey,All,All,Male,All,All,All,308771,403621,26768,0.0867
773,2020,1,New Jersey,All,American Indian/Alaska Native,All,All,All,All,263,329,23,0.0875
774,2020,1,New Jersey,All,Asian/Pacific Islander,All,All,All,All,31722,45441,2473,0.078
775,2020,1,New Jersey,All,Black/African American,All,All,All,All,61057,81645,5606,0.0918
776,2020,1,New Jersey,All,Hispanic,All,All,All,All,52010,71886,4743,0.0912
777,2020,1,New Jersey,All,Non-Hispanic White,All,All,All,All,569271,707702,52045,0.0914
778,2020,1,New Jersey,All,Other/Unknown,All,All,All,All,,,,
779,2020,1,New Jersey,Medicare & Medicaid,All,All,All,All,All,122092,145063,12372,0.1013
780,2020,1,New Jersey,Medicare Only,All,All,All,All,All,615303,793425,54589,0.0887
781,2020,1,New Mexico,All,All,All,Aged,All,All,134891,193240,7947,0.0589
782,2020,1,New Mexico,All,All,All,All,0-64,All,21774,31567,2240,0.1029
783,2020,1,New Mexico,All,All,All,All,65-74,All,72197,109758,4498,0.0623
784,2020,1,New Mexico,All,All,All,All,75-84,All,45154,60316,2529,0.056
785,2020,1,New Mexico,All,All,All,All,85 and over,All,18950,24608,1020,0.0538
786,2020,1,New Mexico,All,All,All,All,All,All,158075,226249,10287,0.0651
787,2020,1,New Mexico,All,All,All,All,All,Rural,67162,96335,3641,0.0542
788,2020,1,New Mexico,All,All,All,All,All,Unknown,,,,
789,2020,1,New Mexico,All,All,All,All,All,Urban,90405,129191,6620,0.0732
790,2020,1,New Mexico,All,All,All,Disabled,All,All,20186,29938,2157,0.1069
791,2020,1,New Mexico,All,All,All,ESRD,All,All,2998,3072,183,0.061
792,2020,1,New Mexico,All,All,Female,All,All,All,88665,119562,6358,0.0717
793,2020,1,New Mexico,All,All,Male,All,All,All,69410,106688,3929,0.0566
794,2020,1,New Mexico,All,American Indian/Alaska Native,All,All,All,All,11907,15949,514,0.0432
795,2020,1,New Mexico,All,Asian/Pacific Islander,All,All,All,All,1215,1943,64,0.0527
796,2020,1,New Mexico,All,Black/African American,All,All,All,All,2382,3603,172,0.0722
797,2020,1,New Mexico,All,Hispanic,All,All,All,All,42339,62716,2841,0.0671
798,2020,1,New Mexico,All,Non-Hispanic White,All,All,All,All,96748,136770,6436,0.0665
799,2020,1,New Mexico,All,Other/Unknown,All,All,All,All,,,,
800,2020,1,New Mexico,Medicare & Medicaid,All,All,All,All,All,37262,51983,3134,0.0841
801,2020,1,New Mexico,Medicare Only,All,All,All,All,All,120813,174267,7153,0.0592
802,2020,1,New York,All,All,All,Aged,All,All,1128070,1467660,97468,0.0864
803,2020,1,New York,All,All,All,All,0-64,All,185117,243213,31305,0.1691
804,2020,1,New York,All,All,All,All,65-74,All,528395,728534,50062,0.0947
805,2020,1,New York,All,All,All,All,75-84,All,391568,487342,32835,0.0839
806,2020,1,New York,All,All,All,All,85 and over,All,221401,265092,15854,0.0716
807,2020,1,New York,All,All,All,All,All,All,1326481,1724181,130056,0.098
808,2020,1,New York,All,All,All,All,All,Rural,156153,211028,13312,0.0852
809,2020,1,New York,All,All,All,All,All,Unknown,,,,
810,2020,1,New York,All,All,All,All,All,Urban,1169765,1511940,116703,0.0998
811,2020,1,New York,All,All,All,Disabled,All,All,175574,233217,30284,0.1725
812,2020,1,New York,All,All,All,ESRD,All,All,22837,23305,2304,0.1009
813,2020,1,New York,All,All,Female,All,All,All,759296,960570,77919,0.1026
814,2020,1,New York,All,All,Male,All,All,All,567185,763612,52137,0.0919
815,2020,1,New York,All,American Indian/Alaska Native,All,All,All,All,1948,2762,173,0.0888
816,2020,1,New York,All,Asian/Pacific Islander,All,All,All,All,50942,71237,4929,0.0968
817,2020,1,New York,All,Black/African American,All,All,All,All,124240,172090,12366,0.0995
818,2020,1,New York,All,Hispanic,All,All,All,All,88863,126267,9304,0.1047
819,2020,1,New York,All,Non-Hispanic White,All,All,All,All,1004231,1274662,97582,0.0972
820,2020,1,New York,All,Other/Unknown,All,All,All,All,,,,
821,2020,1,New York,Medicare & Medicaid,All,All,All,All,All,373284,451561,50733,0.1359
822,2020,1,New York,Medicare Only,All,All,All,All,All,953197,1272620,79323,0.0832
823,2020,1,North Carolina,All,All,All,Aged,All,All,714786,916286,34220,0.0479
824,2020,1,North Carolina,All,All,All,All,0-64,All,124183,162881,11845,0.0954
825,2020,1,North Carolina,All,All,All,All,65-74,All,374374,505922,18880,0.0504
826,2020,1,North Carolina,All,All,All,All,75-84,All,243162,294677,11554,0.0475
827,2020,1,North Carolina,All,All,All,All,85 and over,All,104606,123123,4264,0.0408
828,2020,1,North Carolina,All,All,All,All,All,All,846325,1086603,46543,0.055
829,2020,1,North Carolina,All,All,All,All,All,Rural,262954,336239,13504,0.0514
830,2020,1,North Carolina,All,All,All,All,All,Unknown,,,,
831,2020,1,North Carolina,All,All,All,All,All,Urban,582217,748852,32989,0.0567
832,2020,1,North Carolina,All,All,All,Disabled,All,All,115858,154268,11213,0.0968
833,2020,1,North Carolina,All,All,All,ESRD,All,All,15681,16049,1110,0.0708
834,2020,1,North Carolina,All,All,Female,All,All,All,479430,592397,28292,0.059
835,2020,1,North Carolina,All,All,Male,All,All,All,366895,494207,18251,0.0497
836,2020,1,North Carolina,All,American Indian/Alaska Native,All,All,All,All,4290,5300,270,0.0629
837,2020,1,North Carolina,All,Asian/Pacific Islander,All,All,All,All,8328,12886,369,0.0443
838,2020,1,North Carolina,All,Black/African American,All,All,All,All,139161,185038,8063,0.0579
839,2020,1,North Carolina,All,Hispanic,All,All,All,All,13495,19846,797,0.0591
840,2020,1,North Carolina,All,Non-Hispanic White,All,All,All,All,662631,838388,36055,0.0544
841,2020,1,North Carolina,All,Other/Unknown,All,All,All,All,,,,
842,2020,1,North Carolina,Medicare & Medicaid,All,All,All,All,All,163197,201008,12367,0.0758
843,2020,1,North Carolina,Medicare Only,All,All,All,All,All,683128,885595,34176,0.05
844,2020,1,North Dakota,All,All,All,Aged,All,All,57105,84939,1913,0.0335
845,2020,1,North Dakota,All,All,All,All,0-64,All,7732,10597,815,0.1054
846,2020,1,North Dakota,All,All,All,All,65-74,All,29096,46535,905,0.0311
847,2020,1,North Dakota,All,All,All,All,75-84,All,17880,25126,600,0.0336
848,2020,1,North Dakota,All,All,All,All,85 and over,All,10552,13711,452,0.0428
849,2020,1,North Dakota,All,All,All,All,All,All,65260,95969,2772,0.0425
850,2020,1,North Dakota,All,All,All,All,All,Rural,37851,56848,1711,0.0452
851,2020,1,North Dakota,All,All,All,All,All,Unknown,,,,
852,2020,1,North Dakota,All,All,All,All,All,Urban,27378,39061,1059,0.0387
853,2020,1,North Dakota,All,All,All,Disabled,All,All,7424,10269,776,0.1045
854,2020,1,North Dakota,All,All,All,ESRD,All,All,731,761,83,0.1135
855,2020,1,North Dakota,All,All,Female,All,All,All,36340,51414,1640,0.0451
856,2020,1,North Dakota,All,All,Male,All,All,All,28920,44555,1132,0.0391
857,2020,1,North Dakota,All,American Indian/Alaska Native,All,All,All,All,2408,3213,138,0.0573
858,2020,1,North Dakota,All,Asian/Pacific Islander,All,All,All,All,272,413,18,0.0662
859,2020,1,North Dakota,All,Black/African American,All,All,All,All,350,548,34,0.0971
860,2020,1,North Dakota,All,Hispanic,All,All,All,All,453,717,29,0.064
861,2020,1,North Dakota,All,Non-Hispanic White,All,All,All,All,60437,88987,2498,0.0413
862,2020,1,North Dakota,All,Other/Unknown,All,All,All,All,,,,
863,2020,1,North Dakota,Medicare & Medicaid,All,All,All,All,All,10955,13926,1230,0.1123
864,2020,1,North Dakota,Medicare Only,All,All,All,All,All,54305,82043,1542,0.0284
865,2020,1,Ohio,All,All,All,Aged,All,All,703971,945781,44804,0.0636
866,2020,1,Ohio,All,All,All,All,0-64,All,114834,155600,13098,0.1141
867,2020,1,Ohio,All,All,All,All,65-74,All,371554,529010,24712,0.0665
868,2020,1,Ohio,All,All,All,All,75-84,All,226883,287265,14384,0.0634
869,2020,1,Ohio,All,All,All,All,85 and over,All,112197,136203,6371,0.0568
870,2020,1,Ohio,All,All,All,All,All,All,825468,1108078,58565,0.0709
871,2020,1,Ohio,All,All,All,All,All,Rural,235815,319247,15155,0.0643
872,2020,1,Ohio,All,All,All,All,All,Unknown,,,,
873,2020,1,Ohio,All,All,All,All,All,Urban,589206,788184,43370,0.0736
874,2020,1,Ohio,All,All,All,Disabled,All,All,109814,150424,12602,0.1148
875,2020,1,Ohio,All,All,All,ESRD,All,All,11683,11873,1159,0.0992
876,2020,1,Ohio,All,All,Female,All,All,All,462939,599291,34612,0.0748
877,2020,1,Ohio,All,All,Male,All,All,All,362529,508787,23953,0.0661
878,2020,1,Ohio,All,American Indian/Alaska Native,All,All,All,All,289,405,25,0.0865
879,2020,1,Ohio,All,Asian/Pacific Islander,All,All,All,All,6271,9815,449,0.0716
880,2020,1,Ohio,All,Black/African American,All,All,All,All,62004,85012,5676,0.0915
881,2020,1,Ohio,All,Hispanic,All,All,All,All,9503,13355,864,0.0909
882,2020,1,Ohio,All,Non-Hispanic White,All,All,All,All,721246,962043,49779,0.069
883,2020,1,Ohio,All,Other/Unknown,All,All,All,All,,,,
884,2020,1,Ohio,Medicare & Medicaid,All,All,All,All,All,151094,186442,15971,0.1057
885,2020,1,Ohio,Medicare Only,All,All,All,All,All,674374,921637,42594,0.0632
886,2020,1,Oklahoma,All,All,All,Aged,All,All,319987,419168,13570,0.0424
887,2020,1,Oklahoma,All,All,All,All,0-64,All,56226,75109,4565,0.0812
888,2020,1,Oklahoma,All,All,All,All,65-74,All,164961,226439,7452,0.0452
889,2020,1,Oklahoma,All,All,All,All,75-84,All,111298,139002,4566,0.041
890,2020,1,Oklahoma,All,All,All,All,85 and over,All,46463,56474,1789,0.0385
891,2020,1,Oklahoma,All,All,All,All,All,All,378948,497024,18372,0.0485
892,2020,1,Oklahoma,All,All,All,All,All,Rural,184289,242476,8840,0.048
893,2020,1,Oklahoma,All,All,All,All,All,Unknown,,,,
894,2020,1,Oklahoma,All,All,All,All,All,Urban,193207,252629,9452,0.0489
895,2020,1,Oklahoma,All,All,All,Disabled,All,All,53367,72167,4310,0.0808
896,2020,1,Oklahoma,All,All,All,ESRD,All,All,5594,5690,492,0.088
897,2020,1,Oklahoma,All,All,Female,All,All,All,217788,274092,11323,0.052
898,2020,1,Oklahoma,All,All,Male,All,All,All,161160,222932,7049,0.0437
899,2020,1,Oklahoma,All,American Indian/Alaska Native,All,All,All,All,32100,39171,1669,0.052
900,2020,1,Oklahoma,All,Asian/Pacific Islander,All,All,All,All,2741,4348,103,0.0376
901,2020,1,Oklahoma,All,Black/African American,All,All,All,All,18699,25563,1116,0.0597
902,2020,1,Oklahoma,All,Hispanic,All,All,All,All,8133,11903,368,0.0452
903,2020,1,Oklahoma,All,Non-Hispanic White,All,All,All,All,312216,409111,14905,0.0477
904,2020,1,Oklahoma,All,Other/Unknown,All,All,All,All,,,,
905,2020,1,Oklahoma,Medicare & Medicaid,All,All,All,All,All,72746,88827,5327,0.0732
906,2020,1,Oklahoma,Medicare Only,All,All,All,All,All,306202,408198,13045,0.0426
907,2020,1,Oregon,All,All,All,Aged,All,All,225945,336556,14393,0.0637
908,2020,1,Oregon,All,All,All,All,0-64,All,37716,56501,4627,0.1227
909,2020,1,Oregon,All,All,All,All,65-74,All,123580,195941,8409,0.068
910,2020,1,Oregon,All,All,All,All,75-84,All,74115,102356,4622,0.0624
911,2020,1,Oregon,All,All,All,All,85 and over,All,29954,40028,1546,0.0516
912,2020,1,Oregon,All,All,All,All,All,All,265365,394825,19204,0.0724
913,2020,1,Oregon,All,All,All,All,All,Rural,107788,164307,6590,0.0611
914,2020,1,Oregon,All,All,All,All,All,Unknown,,,,
915,2020,1,Oregon,All,All,All,All,All,Urban,157564,230457,12613,0.0801
916,2020,1,Oregon,All,All,All,Disabled,All,All,35954,54664,4429,0.1232
917,2020,1,Oregon,All,All,All,ESRD,All,All,3466,3605,382,0.1102
918,2020,1,Oregon,All,All,Female,All,All,All,148037,207221,11591,0.0783
919,2020,1,Oregon,All,All,Male,All,All,All,117328,187604,7613,0.0649
920,2020,1,Oregon,All,American Indian/Alaska Native,All,All,All,All,2970,4136,234,0.0788
921,2020,1,Oregon,All,Asian/Pacific Islander,All,All,All,All,4062,7061,275,0.0677
922,2020,1,Oregon,All,Black/African American,All,All,All,All,2565,4090,305,0.1189
923,2020,1,Oregon,All,Hispanic,All,All,All,All,8827,15109,695,0.0787
924,2020,1,Oregon,All,Non-Hispanic White,All,All,All,All,240049,353468,17197,0.0716
925,2020,1,Oregon,All,Other/Unknown,All,All,All,All,,,,
926,2020,1,Oregon,Medicare & Medicaid,All,All,All,All,All,53458,78833,5403,0.1011
927,2020,1,Oregon,Medicare Only,All,All,All,All,All,211907,315992,13801,0.0651
928,2020,1,Pennsylvania,All,All,All,Aged,All,All,850524,1119193,55114,0.0648
929,2020,1,Pennsylvania,All,All,All,All,0-64,All,133406,179945,16691,0.1251
930,2020,1,Pennsylvania,All,All,All,All,65-74,All,447296,623589,30988,0.0693
931,2020,1,Pennsylvania,All,All,All,All,75-84,All,267760,333179,17620,0.0658
932,2020,1,Pennsylvania,All,All,All,All,85 and over,All,142895,169922,7220,0.0505
933,2020,1,Pennsylvania,All,All,All,All,All,All,991357,1306635,72519,0.0732
934,2020,1,Pennsylvania,All,All,All,All,All,Rural,143465,193288,7301,0.0509
935,2020,1,Pennsylvania,All,All,All,All,All,Unknown,,,,
936,2020,1,Pennsylvania,All,All,All,All,All,Urban,847393,1112703,65206,0.0769
937,2020,1,Pennsylvania,All,All,All,Disabled,All,All,127343,173662,16035,0.1259
938,2020,1,Pennsylvania,All,All,All,ESRD,All,All,13490,13780,1370,0.1016
939,2020,1,Pennsylvania,All,All,Female,All,All,All,561759,720029,42519,0.0757
940,2020,1,Pennsylvania,All,All,Male,All,All,All,429598,586605,30000,0.0698
941,2020,1,Pennsylvania,All,American Indian/Alaska Native,All,All,All,All,276,368,23,0.0833
942,2020,1,Pennsylvania,All,Asian/Pacific Islander,All,All,All,All,13510,20561,858,0.0635
943,2020,1,Pennsylvania,All,Black/African American,All,All,All,All,62842,87810,6725,0.107
944,2020,1,Pennsylvania,All,Hispanic,All,All,All,All,22604,31701,2450,0.1084
945,2020,1,Pennsylvania,All,Non-Hispanic White,All,All,All,All,866583,1130736,60520,0.0698
946,2020,1,Pennsylvania,All,Other/Unknown,All,All,All,All,,,,
947,2020,1,Pennsylvania,Medicare & Medicaid,All,All,All,All,All,181795,230102,17848,0.0982
948,2020,1,Pennsylvania,Medicare Only,All,All,All,All,All,809562,1076533,54671,0.0675
949,2020,1,Puerto Rico,All,All,All,All,All,All,31887,48531,1351,0.0424
950,2020,1,Rhode Island,All,All,All,Aged,All,All,62144,80065,7023,0.113
951,2020,1,Rhode Island,All,All,All,All,0-64,All,9196,13039,1608,0.1749
952,2020,1,Rhode Island,All,All,All,All,65-74,All,30765,41868,3570,0.116
953,2020,1,Rhode Island,All,All,All,All,75-84,All,21093,25822,2480,0.1176
954,2020,1,Rhode Island,All,All,All,All,85 and over,All,10706,12798,1031,0.0963
955,2020,1,Rhode Island,All,All,All,All,All,All,71760,93527,8689,0.1211
956,2020,1,Rhode Island,All,All,All,All,All,Rural,156,224,21,0.1346
957,2020,1,Rhode Island,All,All,All,All,All,Unknown,,,,
958,2020,1,Rhode Island,All,All,All,All,All,Urban,71602,93289,8668,0.1211
959,2020,1,Rhode Island,All,All,All,Disabled,All,All,8876,12701,1575,0.1774
960,2020,1,Rhode Island,All,All,All,ESRD,All,All,740,761,91,0.123
961,2020,1,Rhode Island,All,All,Female,All,All,All,41203,51854,5230,0.1269
962,2020,1,Rhode Island,All,All,Male,All,All,All,30557,41673,3459,0.1132
963,2020,1,Rhode Island,All,American Indian/Alaska Native,All,All,All,All,99,137,,
964,2020,1,Rhode Island,All,Asian/Pacific Islander,All,All,All,All,915,1433,70,0.0765
965,2020,1,Rhode Island,All,Black/African American,All,All,All,All,2037,3007,246,0.1208
966,2020,1,Rhode Island,All,Hispanic,All,All,All,All,3879,5690,410,0.1057
967,2020,1,Rhode Island,All,Non-Hispanic White,All,All,All,All,62142,79553,7641,0.123
968,2020,1,Rhode Island,All,Other/Unknown,All,All,All,All,,,,
969,2020,1,Rhode Island,Medicare & Medicaid,All,All,All,All,All,12984,16751,1713,0.1319
970,2020,1,Rhode Island,Medicare Only,All,All,All,All,All,58776,76776,6976,0.1187
971,2020,1,South Carolina,All,All,All,Aged,All,All,466239,585592,17375,0.0373
972,2020,1,South Carolina,All,All,All,All,0-64,All,59978,80774,3599,0.06
973,2020,1,South Carolina,All,All,All,All,65-74,All,250296,329470,9499,0.038
974,2020,1,South Carolina,All,All,All,All,75-84,All,160304,190420,6015,0.0375
975,2020,1,South Carolina,All,All,All,All,85 and over,All,60034,70126,2080,0.0346
976,2020,1,South Carolina,All,All,All,All,All,All,530612,670790,21193,0.0399
977,2020,1,South Carolina,All,All,All,All,All,Rural,98459,126998,3508,0.0356
978,2020,1,South Carolina,All,All,All,All,All,Unknown,,,,
979,2020,1,South Carolina,All,All,All,All,All,Urban,431853,543404,17673,0.0409
980,2020,1,South Carolina,All,All,All,Disabled,All,All,55183,75850,3373,0.0611
981,2020,1,South Carolina,All,All,All,ESRD,All,All,9190,9348,445,0.0484
982,2020,1,South Carolina,All,All,Female,All,All,All,300422,368102,12686,0.0422
983,2020,1,South Carolina,All,All,Male,All,All,All,230190,302687,8507,0.037
984,2020,1,South Carolina,All,American Indian/Alaska Native,All,All,All,All,320,417,13,0.0406
985,2020,1,South Carolina,All,Asian/Pacific Islander,All,All,All,All,3122,4674,96,0.0307
986,2020,1,South Carolina,All,Black/African American,All,All,All,All,88337,117668,3462,0.0392
987,2020,1,South Carolina,All,Hispanic,All,All,All,All,5215,7317,218,0.0418
988,2020,1,South Carolina,All,Non-Hispanic White,All,All,All,All,423232,527053,16995,0.0402
989,2020,1,South Carolina,All,Other/Unknown,All,All,All,All,,,,
990,2020,1,South Carolina,Medicare & Medicaid,All,All,All,All,All,62403,77102,3377,0.0541
991,2020,1,South Carolina,Medicare Only,All,All,All,All,All,468209,593687,17816,0.0381
992,2020,1,South Dakota,All,All,All,Aged,All,All,72907,109457,2607,0.0358
993,2020,1,South Dakota,All,All,All,All,0-64,All,9253,13295,714,0.0772
994,2020,1,South Dakota,All,All,All,All,65-74,All,39680,63727,1463,0.0369
995,2020,1,South Dakota,All,All,All,All,75-84,All,22386,31446,765,0.0342
996,2020,1,South Dakota,All,All,All,All,85 and over,All,11361,14810,422,0.0371
997,2020,1,South Dakota,All,All,All,All,All,All,82680,123279,3364,0.0407
998,2020,1,South Dakota,All,All,All,All,All,Rural,51320,76840,2456,0.0479
999,2020,1,South Dakota,All,All,All,All,All,Unknown,,,,
